"Responses to ""How well does democracy in America work today?""",Urban,Rural
0 (Very Poorly),0.02,0.013999999999999999
1,0.01,0.013999999999999999
2,0.032,0.048
3,0.064,0.083
4,0.057999999999999996,0.09
5,0.19699999999999998,0.166
6,0.14300000000000002,0.152
7,0.191,0.145
8,0.129,0.11699999999999999
9,0.036000000000000004,0.035
10 (Very Well),0.05,0.035
Can't Choose,0.054000000000000006,0.076
No Answer,0.018000000000000002,0.027999999999999997
