County Median Unemployment Rate (2019),Urban,Rural
Coastal West,0.055999999999999994,0.066
Interior Northwest,0.04,0.037000000000000005
Mid-Atlantic,0.05,0.052000000000000005
Midwest,0.04,0.034
New England,0.048,0.042
South,0.054000000000000006,0.062
Southwest,0.048,0.052000000000000005
Total,0.049,0.048
